Dataset,Method,n₀,n₁,TSTR F1 ↑,TRTR F1 (base),Util Gap ↓,KLD Mean ↓,Corr Diff ↓,Prop Sig ↓,RF Sep (mean ± SD),Disc F1 (mean ± SD)
HIV,bootstrap,4,13,1.0,1.0,0.0,2.735733522320972,0.2185829470712013,0.0,0.672 ± 0.079,0.374 ± 0.072
HIV,bootstrap,6,20,1.0,0.977777777777778,-0.0222222222222221,1.807814055471529,0.1238185138074192,0.0,0.649 ± 0.062,0.381 ± 0.075
HIV,bootstrap,9,27,0.9818181818181818,0.9442113442113442,-0.0376068376068375,1.9205038542766248,0.1405967273335762,0.0,0.661 ± 0.067,0.434 ± 0.099
HIV,bootstrap,11,34,1.0,0.937948717948718,-0.0620512820512819,1.1108381121658812,0.0893221570024006,0.0,0.692 ± 0.064,0.372 ± 0.106
HIV,gmm,4,13,1.0,1.0,0.0,6.786397042245503,0.1196344265682467,0.0,0.630 ± 0.110,0.501 ± 0.134
HIV,gmm,6,20,1.0,0.977777777777778,-0.0222222222222221,4.719118169230419,0.1378393894487324,0.0,0.804 ± 0.114,0.666 ± 0.130
HIV,gmm,9,27,1.0,0.9442113442113442,-0.0557886557886557,3.5587375560451564,0.1051706378028293,0.0,0.844 ± 0.086,0.765 ± 0.118
HIV,gmm,11,34,0.9850746268656716,0.937948717948718,-0.0471259089169535,2.3904248254492275,0.1172564518830863,0.0,0.898 ± 0.088,0.846 ± 0.086
HIV,cvae,4,13,0.96,1.0,0.04,11.276168416668847,0.200524599872031,0.0793650793650793,0.759 ± 0.102,0.728 ± 0.107
HIV,cvae,6,20,0.9743589743589745,0.977777777777778,0.0034188034188035,7.346111606771631,0.1727458939203353,0.0634920634920634,0.738 ± 0.058,0.659 ± 0.077
HIV,cvae,9,27,0.9642857142857144,0.9442113442113442,-0.02007437007437,6.315399792166565,0.1594580212605651,0.0476190476190476,0.873 ± 0.042,0.834 ± 0.036
HIV,cvae,11,34,0.9696969696969696,0.937948717948718,-0.0317482517482516,5.026886847537441,0.161350445476463,0.1904761904761904,0.887 ± 0.038,0.829 ± 0.053
breast_cancer,bootstrap,42,71,0.9714285714285714,0.9507206714103266,-0.0207079000182448,0.5303021306690089,0.064503817603119,0.0,0.605 ± 0.050,0.440 ± 0.074
breast_cancer,bootstrap,63,107,0.9760765550239234,0.9542533489757836,-0.0218232060481399,0.416967073615029,0.0578353456994663,0.0,0.627 ± 0.075,0.438 ± 0.119
breast_cancer,bootstrap,84,142,0.9894736842105264,0.972046495549218,-0.0174271886613083,0.4793250121232128,0.044380248210631,0.0,0.607 ± 0.061,0.483 ± 0.075
breast_cancer,bootstrap,106,178,0.9887005649717514,0.971812798178632,-0.0168877667931193,0.2791746899562136,0.0575431567679231,0.0,0.592 ± 0.061,0.427 ± 0.076
breast_cancer,gmm,42,71,0.958904109589041,0.9507206714103266,-0.0081834381787144,0.9775919569223293,0.1043777102427981,0.0,0.874 ± 0.080,0.781 ± 0.100
breast_cancer,gmm,63,107,0.9629629629629628,0.9542533489757836,-0.0087096139871793,0.5450825746244496,0.0841748233384977,0.0333333333333333,0.849 ± 0.041,0.753 ± 0.073
breast_cancer,gmm,84,142,0.9619377162629758,0.972046495549218,0.0101087792862422,0.5728518471005607,0.0949253692055937,0.0666666666666666,0.822 ± 0.121,0.768 ± 0.127
breast_cancer,gmm,106,178,0.969529085872576,0.971812798178632,0.0022837123060559,0.4219566645668123,0.0705317827773418,0.0666666666666666,0.854 ± 0.096,0.742 ± 0.097
breast_cancer,cvae,42,71,0.9655172413793104,0.9507206714103266,-0.0147965699689838,1.98445123288338,0.0980369104925059,0.0,0.621 ± 0.078,0.594 ± 0.077
breast_cancer,cvae,63,107,0.9626168224299064,0.9542533489757836,-0.008363473454123,1.149806551570998,0.1150447687024586,0.0333333333333333,0.607 ± 0.061,0.565 ± 0.107
breast_cancer,cvae,84,142,0.9690721649484536,0.972046495549218,0.0029743306007643,0.8355998632688021,0.0802058882493833,0.2,0.561 ± 0.037,0.519 ± 0.073
breast_cancer,cvae,106,178,0.9608938547486032,0.971812798178632,0.0109189434300287,0.9177754435404016,0.088584862563385,0.1333333333333333,0.651 ± 0.069,0.590 ± 0.133
diabetes,bootstrap,100,53,0.8155339805825242,0.6189393939393939,-0.1965945866431303,0.3211715771519151,0.0544626041261653,0.0,0.604 ± 0.098,0.406 ± 0.109
diabetes,bootstrap,150,80,0.881578947368421,0.5685185185185185,-0.3130604288499025,0.1690073167261688,0.0408657330653702,0.0,0.618 ± 0.080,0.445 ± 0.086
diabetes,bootstrap,200,107,0.8514851485148515,0.6517959559820025,-0.199689192532849,0.0789807290919547,0.0308718461975603,0.125,0.599 ± 0.070,0.544 ± 0.098
diabetes,bootstrap,250,134,0.833976833976834,0.5871275404305484,-0.2468492935462856,0.0881851359089684,0.0299819677028464,0.0,0.601 ± 0.055,0.432 ± 0.082
diabetes,gmm,100,53,0.6808510638297872,0.6189393939393939,-0.0619116698903933,0.8525226495473439,0.0422936705570051,0.0,0.657 ± 0.068,0.612 ± 0.091
diabetes,gmm,150,80,0.6527777777777778,0.5685185185185185,-0.0842592592592592,0.7123657785203925,0.0305678451316527,0.0,0.714 ± 0.068,0.655 ± 0.089
diabetes,gmm,200,107,0.6633165829145728,0.6517959559820025,-0.0115206269325703,0.5496409151871701,0.0345927000052474,0.125,0.697 ± 0.064,0.626 ± 0.097
diabetes,gmm,250,134,0.5976095617529881,0.5871275404305484,-0.0104820213224396,0.5041069212586997,0.0316663336750088,0.125,0.770 ± 0.074,0.711 ± 0.053
diabetes,cvae,100,53,0.6538461538461539,0.6189393939393939,-0.0349067599067599,1.220919797741753,0.1733208920082111,0.25,0.799 ± 0.086,0.735 ± 0.072
diabetes,cvae,150,80,0.6583850931677019,0.5685185185185185,-0.0898665746491833,0.9472033437491478,0.118569811691668,0.125,0.714 ± 0.110,0.630 ± 0.132
diabetes,cvae,200,107,0.65,0.6517959559820025,0.0017959559820024,1.1657659550469424,0.1171941619427612,0.5,0.841 ± 0.043,0.752 ± 0.058
diabetes,cvae,250,134,0.6590038314176245,0.5871275404305484,-0.0718762909870761,0.7889161754375387,0.081971341164108,0.25,0.762 ± 0.105,0.668 ± 0.108
